City_ID,City,Country,Date,Lat,Lng,Max Temp,Humidity,Cloudiness,Wind Speed
0,Nishihara,JP,2021-09-28 19:28:14,26.1842,127.7558,81.68,92,40,9.22
1,Bud,US,2021-09-28 19:28:14,39.447,-86.1758,84.67,63,0,3.24
2,Saint-Joseph,RE,2021-09-28 19:28:14,-21.3667,55.6167,70.16,74,24,12.41
3,Bengkulu,ID,2021-09-28 19:28:15,-3.8004,102.2655,75.61,91,92,3.31
4,Chapais,CA,2021-09-28 19:28:15,49.7834,-74.8492,46.18,74,100,10.96
5,Atuona,PF,2021-09-28 19:28:16,-9.8,-139.0333,77.61,76,21,19.8
6,Ribeira Grande,PT,2021-09-28 19:28:16,38.5167,-28.7,73.8,88,40,14.97
7,Eldorado,BR,2021-09-28 19:28:16,-23.7869,-54.2836,95.09,16,2,5.61
8,Saint George,US,2021-09-28 19:28:17,37.1041,-113.5841,86.47,33,1,1.01
9,Almaty,KZ,2021-09-28 19:28:17,43.25,76.95,55.31,54,75,2.24
10,Krasnoye,UA,2021-09-28 19:28:18,49.9145,24.6134,52.95,79,12,8.59
11,Uhlove,UA,2021-09-28 19:28:18,44.8215,33.6045,56.57,64,42,10.36
12,Bluff,NZ,2021-09-28 19:28:18,-46.6,168.3333,43.81,83,89,14.56
13,Punta Arenas,CL,2021-09-28 19:26:00,-53.15,-70.9167,50.11,43,40,37.98
14,Hobart,AU,2021-09-28 19:24:59,-42.8794,147.3294,48.06,91,90,5.75
15,Araouane,ML,2021-09-28 19:28:19,18.9048,-3.5265,97.11,10,0,10.09
16,Bayir,TR,2021-09-28 19:28:19,37.2687,28.2167,66.72,36,0,4.14
17,Tuktoyaktuk,CA,2021-09-28 19:25:46,69.4541,-133.0374,32.0,100,90,20.71
18,Alofi,NU,2021-09-28 19:26:00,-19.0595,-169.9187,76.89,94,75,11.5
19,Cumbum,IN,2021-09-28 19:28:20,9.7333,77.3,71.91,89,100,7.4
20,Chokurdakh,RU,2021-09-28 19:28:21,70.6333,147.9167,22.87,94,97,8.88
21,Dwarka,IN,2021-09-28 19:28:21,22.2394,68.9678,81.21,82,100,6.53
22,Arraial Do Cabo,BR,2021-09-28 19:28:22,-22.9661,-42.0278,78.76,78,0,20.71
23,Zalari,RU,2021-09-28 19:28:22,53.5584,102.5065,33.17,94,100,8.05
24,Ponerihouen,NC,2021-09-28 19:28:22,-21.0833,165.4,69.04,83,89,9.13
25,Lasa,IT,2021-09-28 19:28:23,46.6166,10.7002,62.02,92,100,3.83
26,Albany,US,2021-09-28 19:28:15,42.6001,-73.9662,67.55,77,100,5.61
27,Cape Town,ZA,2021-09-28 19:24:40,-33.9258,18.4232,61.27,78,20,18.41
28,Ushuaia,AR,2021-09-28 19:28:24,-54.8,-68.3,49.66,43,75,21.85
29,Shchigry,RU,2021-09-28 19:28:24,51.8755,36.9043,44.42,78,100,10.16
30,Belaya Gora,RU,2021-09-28 19:28:25,68.5333,146.4167,23.04,88,100,11.18
31,Hermanus,ZA,2021-09-28 19:28:12,-34.4187,19.2345,59.9,83,62,7.38
32,Airai,TL,2021-09-28 19:25:08,-8.9266,125.4092,57.72,77,12,2.77
33,Bougouni,ML,2021-09-28 19:28:12,11.417,-7.479,81.36,63,5,0.83
34,Georgetown,MY,2021-09-28 19:27:38,5.4112,100.3354,78.73,94,40,1.99
35,Kavaratti,IN,2021-09-28 19:27:58,10.5669,72.642,81.43,80,99,18.21
36,Umm Lajj,SA,2021-09-28 19:28:26,25.0213,37.2685,80.69,62,1,10.76
37,Beringovskiy,RU,2021-09-28 19:28:26,63.05,179.3167,30.6,57,20,7.52
38,Souillac,MU,2021-09-28 19:28:27,-20.5167,57.5167,72.36,68,75,17.27
39,Bonavista,CA,2021-09-28 19:26:39,48.6499,-53.1147,66.11,73,8,16.98
40,Jamestown,US,2021-09-28 19:26:55,42.097,-79.2353,69.53,55,1,5.99
41,Upernavik,GL,2021-09-28 19:28:27,72.7868,-56.1549,26.98,53,30,5.7
42,Shancheng,CN,2021-09-28 19:28:28,34.7953,116.0817,60.13,96,0,4.85
43,Mitsamiouli,KM,2021-09-28 19:28:28,-11.3847,43.2844,77.92,79,5,6.26
44,Severo-Kurilsk,RU,2021-09-28 19:24:48,50.6789,156.125,49.96,78,94,6.78
45,Kapaa,US,2021-09-28 19:26:43,22.0752,-159.319,80.58,71,75,3.0
46,Khatanga,RU,2021-09-28 19:28:29,71.9667,102.5,27.7,69,100,6.87
47,Leh,IN,2021-09-28 19:28:29,34.1667,77.5833,56.79,38,0,4.83
48,Guapore,BR,2021-09-28 19:28:30,-28.8456,-51.8903,63.75,99,100,4.7
49,Iqaluit,CA,2021-09-28 19:28:30,63.7506,-68.5145,33.53,69,40,3.0
50,Santa Cruz Cabralia,BR,2021-09-28 19:28:30,-16.2781,-39.0247,77.23,73,75,9.22
51,Arlit,NE,2021-09-28 19:28:23,18.7369,7.3853,96.66,13,93,12.73
52,Rikitea,PF,2021-09-28 19:28:31,-23.1203,-134.9692,73.06,70,54,20.24
53,Longyearbyen,SJ,2021-09-28 19:24:58,78.2186,15.6401,37.24,75,75,11.5
54,Sorland,NO,2021-09-28 19:28:32,67.667,12.6934,53.67,82,100,3.38
55,Faanui,PF,2021-09-28 19:28:32,-16.4833,-151.75,79.34,74,21,18.43
56,Aklavik,CA,2021-09-28 19:28:32,68.2191,-135.0107,31.03,94,100,17.18
57,Atar,MR,2021-09-28 19:28:33,20.5169,-13.0499,102.99,8,87,11.52
58,Tabuk,PH,2021-09-28 19:28:33,17.4189,121.4443,73.58,92,16,2.44
59,Forbes,AU,2021-09-28 19:28:33,-33.3833,148.0167,55.96,93,100,11.23
60,Sobolevo,RU,2021-09-28 19:28:34,54.4299,31.8996,44.94,87,78,7.72
61,Sangar,RU,2021-09-28 19:28:34,63.9242,127.4739,32.5,67,0,1.01
62,Gamba,GA,2021-09-28 19:28:35,-2.65,10.0,75.43,87,60,7.11
63,Payson,US,2021-09-28 19:28:35,40.0444,-111.7321,79.0,34,75,11.99
64,Vostok,RU,2021-09-28 19:28:35,46.4856,135.8833,49.64,96,3,4.45
65,Qaqortoq,GL,2021-09-28 19:28:36,60.7167,-46.0333,41.5,42,0,6.8
66,Vila Franca Do Campo,PT,2021-09-28 19:28:36,37.7167,-25.4333,77.2,84,29,6.35
67,Asyut,EG,2021-09-28 19:28:37,27.181,31.1837,78.98,28,0,8.57
68,Vaini,TO,2021-09-28 19:27:54,-21.2,-175.2,71.76,94,20,5.75
69,Hasaki,JP,2021-09-28 19:28:37,35.7333,140.8333,63.28,80,10,7.38
70,Rocha,UY,2021-09-28 19:28:36,-34.4833,-54.3333,58.6,87,100,10.11
71,Hilo,US,2021-09-28 19:25:20,19.7297,-155.09,79.29,78,75,0.0
72,Isheyevka,RU,2021-09-28 19:28:38,54.4167,48.2667,44.11,65,100,9.44
73,East London,ZA,2021-09-28 19:28:38,-33.0153,27.9116,63.46,74,100,9.06
74,Mar Del Plata,AR,2021-09-28 19:28:04,-38.0023,-57.5575,59.0,69,0,8.99
75,Saskylakh,RU,2021-09-28 19:28:39,71.9167,114.0833,21.99,92,100,4.59
76,Tiksi,RU,2021-09-28 19:28:39,71.6872,128.8694,31.03,98,99,2.35
77,Coolum Beach,AU,2021-09-28 19:28:40,-26.5333,153.1,67.1,73,100,6.31
78,Hithadhoo,MV,2021-09-28 19:28:17,-0.6,73.0833,82.58,74,21,9.62
79,Manavalakurichi,IN,2021-09-28 19:28:41,8.1333,77.3,78.89,88,65,14.25
80,Karratha,AU,2021-09-28 19:28:30,-20.7377,116.8463,70.14,53,1,11.03
81,Lompoc,US,2021-09-28 19:28:41,34.6391,-120.4579,78.94,63,1,13.8
82,Port Alfred,ZA,2021-09-28 19:27:53,-33.5906,26.891,61.3,75,50,7.7
83,Bredasdorp,ZA,2021-09-28 19:25:51,-34.5322,20.0403,57.27,86,86,4.56
84,Norman Wells,CA,2021-09-28 19:28:42,65.282,-126.8329,32.04,93,90,11.5
85,Geraldton,AU,2021-09-28 19:28:43,-28.7667,114.6,57.61,94,90,5.75
86,Krasnokamensk,RU,2021-09-28 19:28:43,50.0979,118.0369,31.89,73,0,14.07
87,Paracuru,BR,2021-09-28 19:28:44,-3.41,-39.0306,84.22,65,4,15.9
88,Harper,LR,2021-09-28 19:28:44,4.375,-7.7169,77.67,83,100,6.51
89,Nueva Guinea,NI,2021-09-28 19:28:44,11.6876,-84.4562,82.67,75,66,8.75
90,Gizo,SB,2021-09-28 19:28:45,-8.103,156.8419,80.51,80,100,7.78
91,Dhidhdhoo,MV,2021-09-28 19:28:45,6.8833,73.1,82.4,80,64,17.6
92,Dickinson,US,2021-09-28 19:28:46,29.4608,-95.0513,85.98,89,75,5.75
93,Bethel,US,2021-09-28 19:28:46,41.3712,-73.414,70.16,85,75,5.75
94,Vao,NC,2021-09-28 19:28:47,-22.6667,167.4833,68.4,74,34,16.98
95,Flin Flon,CA,2021-09-28 19:25:28,54.7682,-101.865,69.64,49,20,8.05
96,Puerto Ayora,EC,2021-09-28 19:24:48,-0.7393,-90.3518,78.76,84,88,10.11
97,Tuatapere,NZ,2021-09-28 19:28:47,-46.1333,167.6833,43.83,93,50,6.06
98,Kodiak,US,2021-09-28 19:27:40,57.79,-152.4072,47.71,71,90,5.75
99,Cravo Norte,CO,2021-09-28 19:28:48,6.3017,-70.2041,90.36,52,100,4.16
100,Acapulco,MX,2021-09-28 19:25:01,16.8634,-99.8901,84.9,66,70,4.03
101,Yashalta,RU,2021-09-28 19:28:49,46.3395,42.2762,53.73,70,8,6.73
102,Dingle,PH,2021-09-28 19:28:49,10.9995,122.6711,75.7,90,100,2.84
103,Komsomolskiy,UZ,2021-09-28 19:28:50,40.4272,71.7189,65.12,52,76,9.22
104,Prince Rupert,CA,2021-09-28 19:28:50,54.3161,-130.3201,49.69,79,75,2.3
105,San Javier,ES,2021-09-28 19:28:51,37.8063,-0.8374,76.21,74,20,3.44
106,Mahebourg,MU,2021-09-28 19:28:51,-20.4081,57.7,72.25,68,75,17.27
107,Lucea,JM,2021-09-28 19:28:51,18.451,-78.1736,88.86,68,10,11.05
108,Yulara,AU,2021-09-28 19:28:52,-25.2406,130.9889,55.24,41,0,6.91
109,Barrow,US,2021-09-28 19:28:52,71.2906,-156.7887,30.22,86,90,5.75
110,Shenjiamen,CN,2021-09-28 19:28:53,29.9576,122.298,76.17,81,0,6.24
111,Chuy,UY,2021-09-28 19:28:53,-33.6971,-53.4616,59.56,87,100,13.31
112,Kahului,US,2021-09-28 19:28:53,20.8947,-156.47,83.46,81,40,19.57
113,Nabire,ID,2021-09-28 19:28:54,-3.3667,135.4833,77.49,88,100,2.95
114,Anderson,US,2021-09-28 19:28:54,34.5334,-82.6499,88.02,51,1,1.99
115,Ballitoville,ZA,2021-09-28 19:28:55,-29.539,31.2144,66.34,82,75,2.3
116,Dawei,MM,2021-09-28 19:28:55,14.0833,98.2,76.21,93,100,2.42
117,Fort Nelson,CA,2021-09-28 19:25:59,58.8053,-122.7002,38.79,93,90,2.3
118,Sakakah,SA,2021-09-28 19:27:14,29.9697,40.2064,81.97,27,0,9.66
119,Cherskiy,RU,2021-09-28 19:28:56,68.75,161.3,6.85,91,37,3.67
120,Inhuma,BR,2021-09-28 19:28:56,-6.6683,-41.7078,99.25,14,18,7.85
121,Kimbe,PG,2021-09-28 19:28:56,-5.5502,150.1429,75.15,92,100,3.2
122,New Norfolk,AU,2021-09-28 19:28:57,-42.7826,147.0587,47.71,78,100,0.94
123,Busselton,AU,2021-09-28 19:26:59,-33.65,115.3333,57.04,81,91,11.16
124,Kieta,PG,2021-09-28 19:28:58,-6.2167,155.6333,77.7,91,100,2.37
125,Avarua,CK,2021-09-28 19:28:58,-21.2078,-159.775,77.05,78,75,8.05
126,Pevek,RU,2021-09-28 19:28:12,69.7008,170.3133,19.51,85,98,5.21
127,Qaanaaq,GL,2021-09-28 19:24:50,77.484,-69.3632,29.03,69,100,2.53
128,Ponta Do Sol,PT,2021-09-28 19:28:20,32.6667,-17.1,75.83,76,70,3.6
129,Romilly-Sur-Seine,FR,2021-09-28 19:28:59,48.5108,3.7263,54.19,70,6,5.19
130,Celestun,MX,2021-09-28 19:29:00,20.8667,-90.4,86.67,62,71,9.64
131,Sao Filipe,CV,2021-09-28 19:28:40,14.8961,-24.4956,80.1,78,0,10.13
132,Beloha,MG,2021-09-28 19:29:00,-25.1667,45.05,73.04,66,76,7.76
133,Padang,ID,2021-09-28 19:26:48,-0.9492,100.3543,77.38,91,100,2.42
134,Nioro,GM,2021-09-28 19:29:01,13.35,-15.75,84.81,66,2,2.26
135,Xining,CN,2021-09-28 19:29:02,36.6167,101.7667,51.67,43,100,3.13
136,Merauke,ID,2021-09-28 19:29:02,-8.4667,140.3333,75.43,88,96,10.89
137,Ancud,CL,2021-09-28 19:29:02,-41.8697,-73.8203,56.73,58,84,5.68
138,Macusani,PE,2021-09-28 19:29:03,-14.0833,-70.4333,50.88,56,72,15.26
139,Saint-Philippe,RE,2021-09-28 19:28:21,-21.3585,55.7679,71.15,76,15,14.67
140,Mwene-Ditu,CD,2021-09-28 19:29:03,-7.0,23.45,70.05,71,77,4.7
141,Broome,US,2021-09-28 19:29:04,42.2506,-75.833,66.38,63,90,1.01
142,Mataura,NZ,2021-09-28 19:27:53,-46.1927,168.8643,43.48,94,17,2.73
143,Mezen,RU,2021-09-28 19:29:04,65.8522,44.24,43.79,92,89,1.14
144,Yellowknife,CA,2021-09-28 19:25:10,62.456,-114.3525,48.42,100,90,5.99
145,Inzhavino,RU,2021-09-28 19:29:05,52.3185,42.4937,41.72,76,66,7.31
146,Karla,EE,2021-09-28 19:29:05,59.3723,24.9275,45.05,91,0,8.05
147,Paamiut,GL,2021-09-28 19:27:31,61.994,-49.6678,35.49,49,2,1.16
148,Mount Isa,AU,2021-09-28 19:29:06,-20.7333,139.5,78.57,57,90,6.91
149,Kurchum,KZ,2021-09-28 19:29:06,48.5722,83.6542,50.22,43,100,6.2
150,Victoria,HK,2021-09-28 19:24:40,22.2855,114.1577,85.21,83,17,1.99
151,Mount Gambier,AU,2021-09-28 19:29:07,-37.8333,140.7667,53.51,94,90,4.61
152,Asau,RO,2021-09-28 19:28:07,46.4333,26.4,52.75,93,100,1.81
153,San Patricio,US,2021-09-28 19:28:22,28.017,-97.5169,95.16,43,71,12.86
154,Outlook,CA,2021-09-28 19:29:08,51.5001,-107.0513,76.69,16,100,15.48
155,Provins,FR,2021-09-28 19:29:08,48.5833,3.1667,59.85,71,21,6.22
156,Avera,US,2021-09-28 19:29:08,33.194,-82.5271,87.71,40,92,5.68
157,Nanortalik,GL,2021-09-28 19:29:09,60.1432,-45.2371,40.15,53,1,8.16
158,Iberia,US,2021-09-28 19:29:09,29.9502,-91.7507,71.67,100,90,5.75
159,Dunedin,NZ,2021-09-28 19:29:09,-45.8742,170.5036,47.8,73,54,5.7
160,Orlik,RU,2021-09-28 19:28:16,52.5178,99.825,27.68,58,84,2.15
161,Smolenka,RU,2021-09-28 19:29:10,52.1352,113.4974,35.67,64,40,4.47
162,Hambantota,LK,2021-09-28 19:29:10,6.1241,81.1185,80.94,83,40,11.5
163,Dikson,RU,2021-09-28 19:28:03,73.5069,80.5464,36.07,99,100,16.2
164,Milkovo,RU,2021-09-28 19:29:11,54.7167,158.6167,46.99,66,100,8.46
165,Deputatskiy,RU,2021-09-28 19:29:11,69.3,139.9,16.36,87,55,2.75
166,Sao Joao Da Barra,BR,2021-09-28 19:24:48,-21.6403,-41.0511,80.69,78,6,16.2
167,La Ligua,CL,2021-09-28 19:29:12,-32.4524,-71.2311,64.18,30,1,7.9
168,Gillette,US,2021-09-28 19:25:03,44.2911,-105.5022,88.72,14,1,18.99
169,Panjab,AF,2021-09-28 19:29:13,34.388,67.0233,52.79,20,0,2.95
170,Lamu,KE,2021-09-28 19:29:13,-2.2717,40.902,79.02,87,97,11.43
171,Caravelas,BR,2021-09-28 19:29:14,-17.7125,-39.2481,77.99,66,9,8.3
172,Manta,EC,2021-09-28 19:24:25,-0.95,-80.7333,82.18,74,20,9.22
173,Opunake,NZ,2021-09-28 19:29:14,-39.4556,173.8583,50.34,79,14,17.18
174,Miraflores,MX,2021-09-28 19:29:15,19.2167,-98.8083,74.03,57,84,2.98
175,Kiama,AU,2021-09-28 19:29:15,-34.6833,150.8667,61.57,85,100,5.99
176,Westport,US,2021-09-28 19:26:22,41.1415,-73.3579,73.27,86,90,5.01
177,Coquimbo,CL,2021-09-28 19:29:16,-29.9533,-71.3436,60.53,77,40,12.66
178,Schneeberg,DE,2021-09-28 19:29:16,50.6,12.6333,55.49,98,100,3.0
179,Shyryayeve,UA,2021-09-28 19:29:16,47.3805,30.1964,55.83,58,100,7.78
180,Auki,SB,2021-09-28 19:29:17,-8.7676,160.7034,77.54,86,100,4.38
181,Butaritari,KI,2021-09-28 19:29:17,3.0707,172.7902,83.12,77,10,23.94
182,Pisco,PE,2021-09-28 19:27:10,-13.7,-76.2167,66.02,82,75,10.36
183,Ust-Nera,RU,2021-09-28 19:29:18,64.5667,143.2,19.69,79,1,4.38
184,Nikolskoye,RU,2021-09-28 19:26:04,59.7035,30.7861,49.87,74,100,3.44
185,Senador Jose Porfirio,BR,2021-09-28 19:29:18,-2.5908,-51.9542,87.48,54,51,4.88
186,Lamar,US,2021-09-28 19:29:19,33.6668,-95.5836,93.97,46,20,0.0
187,Port Elizabeth,ZA,2021-09-28 19:29:02,-33.918,25.5701,59.29,82,75,5.75
188,Kununurra,AU,2021-09-28 19:25:59,-15.7667,128.7333,78.78,73,100,8.05
189,Noumea,NC,2021-09-28 19:27:19,-22.2763,166.4572,62.58,81,63,9.71
190,Chenzhou,CN,2021-09-28 19:29:20,25.8,113.0333,81.59,67,31,2.24
191,Mingaora,PK,2021-09-28 19:24:25,34.7758,72.3625,71.2,75,0,4.74
192,Pringsewu,ID,2021-09-28 19:29:21,-5.3582,104.9744,74.12,97,98,1.05
193,Huilong,CN,2021-09-28 19:29:21,31.8111,121.655,75.97,85,25,11.01
194,Southbridge,US,2021-09-28 19:29:21,42.0751,-72.0334,66.56,77,100,5.73
195,Batagay,RU,2021-09-28 19:29:22,67.6333,134.6333,19.78,92,33,2.37
196,Hobyo,SO,2021-09-28 19:29:22,5.3505,48.5268,79.27,80,35,26.87
197,Sinnamary,GF,2021-09-28 19:29:23,5.3833,-52.95,84.47,68,99,8.5
198,Sayat,TM,2021-09-28 19:29:23,38.7839,63.8803,64.27,28,0,9.22
199,Black River,JM,2021-09-28 19:29:23,18.0264,-77.8487,88.99,61,4,8.84
200,Dormagen,DE,2021-09-28 19:29:24,51.1,6.8333,58.33,82,100,6.49
201,Iskateley,RU,2021-09-28 19:29:24,67.6803,53.1512,38.16,89,43,1.81
202,Starkville,US,2021-09-28 19:24:59,33.4504,-88.8184,86.68,63,86,6.06
203,Esperance,AU,2021-09-28 19:29:10,-33.8667,121.9,49.84,87,100,7.96
204,Mazagao,BR,2021-09-28 19:29:25,-0.115,-51.2894,93.25,43,42,7.27
205,Holme,DK,2021-09-28 19:29:25,56.1138,10.1725,55.26,87,81,6.46
206,Ponta Delgada,PT,2021-09-28 19:29:26,37.7333,-25.6667,77.5,83,20,8.05
207,Muros,ES,2021-09-28 19:29:26,42.7762,-9.0603,63.84,85,10,4.79
208,Salinas,US,2021-09-28 19:25:09,36.6777,-121.6555,75.0,55,1,8.05
209,Carndonagh,IE,2021-09-28 19:29:27,55.25,-7.2667,47.82,88,63,6.38
210,Sitka,US,2021-09-28 19:29:27,57.0531,-135.33,51.69,62,75,9.22
211,Mezhdurechenskiy,RU,2021-09-28 19:29:27,59.6,65.9333,40.15,76,100,6.51
212,Torbay,CA,2021-09-28 19:29:28,47.6666,-52.7314,66.67,64,75,20.71
213,Ojinaga,MX,2021-09-28 19:29:28,29.5667,-104.4167,88.57,30,1,9.22
214,Labuhan,ID,2021-09-28 19:24:51,-6.8844,112.2051,77.81,79,25,8.12
215,Kamaishi,JP,2021-09-28 19:29:29,39.2667,141.8833,62.64,86,42,4.0
216,Inta,RU,2021-09-28 19:29:29,66.0317,60.1659,37.15,98,100,5.06
217,Sehithwa,BW,2021-09-28 19:29:30,-20.4667,22.7167,78.28,13,7,5.75
218,Darnah,LY,2021-09-28 19:29:30,32.767,22.6367,75.56,81,1,16.49
219,Bubaque,GW,2021-09-28 19:29:30,11.2833,-15.8333,81.73,76,5,9.08
220,Salamiyah,SY,2021-09-28 19:29:31,35.0113,37.0532,68.4,74,0,9.04
221,Lebu,CL,2021-09-28 19:29:31,-37.6167,-73.65,55.27,62,100,10.16
222,Codrington,AU,2021-09-28 19:29:31,-38.2667,141.9667,51.51,61,100,7.4
223,Lavrentiya,RU,2021-09-28 19:25:16,65.5833,-171.0,29.43,81,100,2.62
224,Tripoli,LY,2021-09-28 19:29:32,32.8752,13.1875,77.88,72,0,8.16
225,Taltal,CL,2021-09-28 19:29:33,-25.4,-70.4833,66.18,64,24,6.06
226,Uyuni,BO,2021-09-28 19:29:33,-20.4597,-66.825,64.87,12,0,8.08
227,Kawalu,ID,2021-09-28 19:29:33,-7.3817,108.2082,68.7,95,70,1.12
228,Saint-Augustin,CA,2021-09-28 19:26:09,51.226,-58.6502,58.84,60,14,18.23
229,Singaraja,ID,2021-09-28 19:29:34,-8.112,115.0882,76.96,81,28,4.14
230,Strathmore,CA,2021-09-28 19:29:34,51.0501,-113.3852,66.38,47,100,7.0
231,Kabanjahe,ID,2021-09-28 19:29:35,3.1001,98.4908,61.56,97,100,1.7
232,Port Keats,AU,2021-09-28 19:29:35,-14.25,129.55,77.94,85,100,5.01
233,Rancho Veloz,CU,2021-09-28 19:29:35,22.8806,-80.3917,84.69,63,39,11.9
234,Dustlik,UZ,2021-09-28 19:29:36,40.5247,68.0358,61.84,39,15,1.97
235,Guanica,PR,2021-09-28 19:28:26,17.9716,-66.908,88.48,77,16,10.31
236,Inhambane,MZ,2021-09-28 19:29:36,-23.865,35.3833,73.38,88,20,9.22
237,Pinawa,CA,2021-09-28 19:29:37,50.1489,-95.8811,83.73,30,6,5.5
238,Handan,CN,2021-09-28 19:29:37,36.6006,114.4678,61.36,84,0,6.76
239,Castro,BR,2021-09-28 19:27:48,-24.7911,-50.0119,83.62,34,97,6.02
240,Kushima,JP,2021-09-28 19:29:38,31.4583,131.2333,74.7,87,88,9.35
241,Cidreira,BR,2021-09-28 19:25:36,-30.1811,-50.2056,69.57,84,100,13.82
242,Axams,AT,2021-09-28 19:29:38,47.2081,11.2869,54.37,84,40,6.91
243,Manono,CD,2021-09-28 19:29:39,-7.3,27.4167,73.56,77,73,6.98
244,Diego De Almagro,CL,2021-09-28 19:29:39,-26.3667,-70.05,88.41,9,46,18.75
245,Novyy Urengoy,RU,2021-09-28 19:29:39,66.0833,76.6333,33.73,71,24,4.38
246,San Jose,US,2021-09-28 19:26:52,37.3394,-121.895,74.89,43,1,1.99
247,Kotido,UG,2021-09-28 19:29:40,2.9806,34.1331,74.32,62,96,7.87
248,Hare Bay,CA,2021-09-28 19:29:40,48.8499,-54.0148,61.95,55,69,14.0
249,Vila Velha,BR,2021-09-28 19:29:41,-20.3297,-40.2925,80.96,68,20,16.11
250,Santa Cruz,BO,2021-09-28 19:29:16,-17.8,-63.1667,91.45,49,40,20.71
251,Cabedelo,BR,2021-09-28 19:29:41,-6.9811,-34.8339,81.27,73,11,19.35
252,Pampierstad,ZA,2021-09-28 19:29:42,-27.7832,24.6877,76.33,17,99,7.47
253,Ornskoldsvik,SE,2021-09-28 19:29:42,63.2909,18.7153,51.62,87,90,12.66
254,Kremenki,RU,2021-09-28 19:29:42,54.885,37.1261,43.7,85,71,1.7
255,Ambam,CM,2021-09-28 19:29:43,2.3833,11.2833,69.04,99,49,3.13
256,Bantogon,PH,2021-09-28 19:29:43,6.5333,124.0333,78.44,74,100,3.96
257,Comodoro Rivadavia,AR,2021-09-28 19:25:01,-45.8667,-67.5,66.06,22,20,16.11
258,Grindavik,IS,2021-09-28 19:29:02,63.8424,-22.4338,39.15,93,75,31.07
259,Zemio,CF,2021-09-28 19:29:44,5.0314,25.1361,69.78,98,100,2.1
260,San Andres,CO,2021-09-28 19:29:41,12.5847,-81.7006,87.82,74,75,11.5
261,Teodoro Sampaio,BR,2021-09-28 19:29:45,-22.5325,-52.1675,99.0,20,75,6.49
262,Tasiilaq,GL,2021-09-28 19:24:56,65.6145,-37.6368,35.76,56,100,7.65
263,Limbang,MY,2021-09-28 19:29:45,4.75,115.0,78.06,97,88,1.92
264,Douglas,US,2021-09-28 19:26:35,41.3,-96.167,93.74,41,1,3.0
265,Isangel,VU,2021-09-28 19:29:46,-19.55,169.2667,69.91,73,94,5.75
266,Olinda,BR,2021-09-28 19:29:47,-8.0089,-34.8553,78.53,65,40,18.41
267,College,US,2021-09-28 19:29:47,64.8569,-147.8028,30.2,80,40,0.0
268,Thompson,CA,2021-09-28 19:29:47,55.7435,-97.8558,64.56,48,20,8.05
269,Constitucion,CL,2021-09-28 19:28:20,-35.3333,-72.4167,60.93,50,0,9.26
270,Hervey Bay,AU,2021-09-28 19:29:48,-25.2986,152.8535,66.04,68,100,12.3
271,Bambous Virieux,MU,2021-09-28 19:24:51,-20.3428,57.7575,72.21,68,75,17.27
272,Serenje,ZM,2021-09-28 19:29:49,-13.2325,30.2352,74.41,36,94,0.72
273,Gat,IL,2021-09-28 19:29:49,31.61,34.7642,75.88,71,0,3.62
274,Huarmey,PE,2021-09-28 19:29:50,-10.0681,-78.1522,68.43,72,23,9.15
275,Altamira,BR,2021-09-28 19:27:45,-3.2033,-52.2064,86.09,66,40,3.44
276,Ilo,PE,2021-09-28 19:29:50,-17.6394,-71.3375,63.46,72,0,8.05
277,Ugoofaaru,MV,2021-09-28 19:26:19,5.6667,73.0,81.68,81,89,14.54
278,Brookhaven,US,2021-09-28 19:29:51,31.5791,-90.4407,83.35,82,100,5.48
279,Caxito,AO,2021-09-28 19:29:51,-8.5785,13.6643,75.85,82,100,6.76
280,Saldanha,ZA,2021-09-28 19:29:52,-33.0117,17.9442,57.25,84,0,21.65
281,Macapa,BR,2021-09-28 19:29:52,0.0389,-51.0664,93.18,38,20,9.22
282,Vadso,NO,2021-09-28 19:29:52,70.0744,29.7487,54.48,66,0,14.97
283,Nome,US,2021-09-28 19:26:06,64.5011,-165.4064,33.87,61,90,3.44
284,Mikkeli,FI,2021-09-28 19:29:53,61.6886,27.2723,45.14,93,90,2.3
285,Amalapuram,IN,2021-09-28 19:29:53,16.5833,82.0167,75.54,95,100,0.6
286,Qasigiannguit,GL,2021-09-28 19:29:54,68.8193,-51.1922,30.45,75,0,3.2
287,Morondava,MG,2021-09-28 19:28:53,-20.2833,44.2833,75.31,83,5,11.56
288,Meulaboh,ID,2021-09-28 19:28:37,4.1363,96.1285,75.36,91,100,5.86
289,Sola,VU,2021-09-28 19:26:52,-13.8833,167.55,78.91,83,100,17.11
290,Hamilton,US,2021-09-28 19:25:19,39.1834,-84.5333,85.21,59,1,1.01
291,Juneau,US,2021-09-28 19:29:55,58.3019,-134.4197,48.2,84,75,10.36
292,Tiarei,PF,2021-09-28 19:29:55,-17.5333,-149.3333,80.62,79,99,18.12
293,Santo Antonio Do Sudoeste,BR,2021-09-28 19:29:56,-26.0736,-53.7253,84.9,36,100,3.42
294,Bondo,CD,2021-09-28 19:29:56,3.8146,23.6866,68.31,99,61,1.14
295,Baykit,RU,2021-09-28 19:29:56,61.67,96.37,36.84,82,100,2.66
296,Heyang,CN,2021-09-28 19:29:57,26.1011,107.473,68.59,89,21,2.71
297,Tocopilla,CL,2021-09-28 19:29:21,-22.092,-70.1979,67.39,65,22,9.78
298,Bandarbeyla,SO,2021-09-28 19:29:57,9.4942,50.8122,81.46,72,60,23.55
299,Jackson,US,2021-09-28 19:28:35,42.4165,-122.8345,62.74,64,90,3.44
300,Vardo,NO,2021-09-28 19:25:34,70.3705,31.1107,52.0,71,0,18.41
301,Morwa,IN,2021-09-28 19:29:58,22.9,73.8333,78.15,89,100,11.56
302,Buchanan,LR,2021-09-28 19:25:05,5.8808,-10.0467,73.36,84,94,5.75
303,Provideniya,RU,2021-09-28 19:27:55,64.3833,-173.3,35.71,75,90,13.42
304,Sergeyevka,KZ,2021-09-28 19:29:59,53.88,67.4158,37.87,91,100,17.54
305,Bilibino,RU,2021-09-28 19:29:59,68.0546,166.4372,11.01,97,100,3.13
306,Ashington,GB,2021-09-28 19:30:00,50.9331,-0.3909,59.31,95,100,14.85
307,Leningradskiy,RU,2021-09-28 19:30:01,69.3833,178.4167,23.81,96,100,10.85
308,Tepatepec,MX,2021-09-28 19:30:01,20.2333,-99.0833,75.16,46,61,2.89
309,Butembo,CD,2021-09-28 19:30:01,0.15,29.2833,57.72,97,76,2.13
310,Estelle,US,2021-09-28 19:30:04,29.8458,-90.1067,84.99,75,90,13.8
311,Buraydah,SA,2021-09-28 19:30:04,26.326,43.975,84.65,9,5,8.34
312,The Valley,AI,2021-09-28 19:26:25,18.217,-63.0578,89.46,70,40,11.5
313,Almenara,BR,2021-09-28 19:30:08,-16.1836,-40.6944,81.34,54,53,7.16
314,Calabozo,VE,2021-09-28 19:30:08,8.9242,-67.4293,89.6,55,73,2.71
315,Berlevag,NO,2021-09-28 19:30:09,70.8578,29.0864,55.4,54,0,18.41
316,Carnarvon,AU,2021-09-28 19:25:35,-24.8667,113.6333,59.07,88,35,6.91
317,Port Blair,IN,2021-09-28 19:28:06,11.6667,92.75,79.11,83,100,3.58
318,Pangoa,PE,2021-09-28 19:30:10,-12.1167,-73.0,85.68,55,78,0.25
319,East Liverpool,US,2021-09-28 19:30:11,40.6187,-80.5773,76.35,67,22,8.52
320,Naze,JP,2021-09-28 19:30:11,28.3667,129.4833,78.51,80,12,18.32
321,Mayo,US,2021-09-28 19:28:05,38.8876,-76.5119,82.13,57,1,3.0
322,Halvad,IN,2021-09-28 19:30:12,23.0167,71.1833,84.49,75,100,2.62
323,Nadrag,RO,2021-09-28 19:30:13,45.65,22.1833,60.89,83,100,1.54
324,Taitung,TW,2021-09-28 19:30:14,22.7583,121.1444,79.83,84,42,5.64
325,Sorong,ID,2021-09-28 19:28:00,-0.8833,131.25,79.59,80,100,2.64
326,Cortez,US,2021-09-28 19:26:17,37.3489,-108.5859,65.52,70,90,0.0
327,Fairlie,GB,2021-09-28 19:30:16,55.756,-4.8556,49.86,84,7,3.56
328,Maubin,MM,2021-09-28 19:30:16,16.7333,95.65,78.96,96,95,3.36
329,Tuskegee,US,2021-09-28 19:30:16,32.424,-85.6916,89.71,46,85,3.0
330,Letham,GB,2021-09-28 19:30:17,56.6167,-2.7667,49.42,90,100,1.14
331,Bunbury,AU,2021-09-28 19:30:18,-33.3333,115.6333,54.82,80,98,13.38
332,Bulancak,TR,2021-09-28 19:30:18,40.9372,38.2291,64.22,77,75,1.14
333,Sinop,TR,2021-09-28 19:30:19,41.7711,34.8709,53.13,94,100,2.93
334,Sao Jose Da Coroa Grande,BR,2021-09-28 19:30:19,-8.8978,-35.1478,77.34,74,18,11.65
335,Ahuimanu,US,2021-09-28 19:30:21,21.4447,-157.8378,83.91,67,75,12.66
336,Flinders,AU,2021-09-28 19:30:22,-34.5833,150.8552,61.38,82,100,1.01
337,Carbonia,IT,2021-09-28 19:30:22,39.1672,8.5222,77.95,88,31,6.44
338,Bathsheba,BB,2021-09-28 19:30:23,13.2167,-59.5167,90.21,58,20,9.22
339,Kintampo,GH,2021-09-28 19:30:23,8.0563,-1.7306,75.29,83,78,2.28
340,Nizhnevartovsk,RU,2021-09-28 19:30:24,60.9344,76.5531,39.22,81,0,6.71
341,Linxia,CN,2021-09-28 19:29:24,35.6003,103.2064,56.14,48,0,3.44
342,Vanavara,RU,2021-09-28 19:30:25,60.34,102.2797,34.65,83,100,3.36
343,Stokmarknes,NO,2021-09-28 19:30:26,68.5646,14.9108,51.76,82,100,0.81
344,Riachao Das Neves,BR,2021-09-28 19:30:26,-11.7461,-44.91,89.15,29,62,6.91
345,Idrinskoye,RU,2021-09-28 19:30:27,54.3708,92.1358,31.33,83,8,2.68
346,Daru,PG,2021-09-28 19:30:27,-9.0763,143.2092,77.47,86,100,12.33
347,Saint-Georges,GD,2021-09-28 19:30:28,12.0564,-61.7485,87.48,74,40,13.8
348,Olafsvik,IS,2021-09-28 19:30:29,64.8945,-23.7142,35.87,90,100,51.56
349,Tiszavasvari,HU,2021-09-28 19:30:29,47.9667,21.35,59.14,66,60,5.23
350,Maniitsoq,GL,2021-09-28 19:30:30,65.4167,-52.9,33.67,47,0,7.7
351,Calvinia,ZA,2021-09-28 19:30:30,-31.4707,19.776,54.82,55,100,5.01
352,Lubango,AO,2021-09-28 19:30:31,-14.9172,13.4925,62.67,60,5,0.63
353,Port Hawkesbury,CA,2021-09-28 19:30:32,45.6169,-61.3485,65.59,95,90,1.99
354,Te Anau,NZ,2021-09-28 19:30:32,-45.4167,167.7167,43.09,95,79,3.27
355,Channel-Port Aux Basques,CA,2021-09-28 19:30:21,47.5702,-59.1367,57.0,79,100,10.87
356,Ilulissat,GL,2021-09-28 19:25:43,69.2167,-51.1,30.22,34,1,14.97
357,Tautira,PF,2021-09-28 19:28:26,-17.7333,-149.15,80.62,78,100,17.36
358,Marsaxlokk,MT,2021-09-28 19:30:33,35.8419,14.5431,78.08,83,40,9.22
359,Svetlogorsk,BY,2021-09-28 19:30:34,52.6333,29.7333,43.47,95,8,6.15
360,Fomboni,KM,2021-09-28 19:30:35,-12.28,43.7425,77.86,82,4,7.78
361,Kidal,ML,2021-09-28 19:30:35,18.4411,1.4078,88.77,8,0,7.94
362,Ostrovnoy,RU,2021-09-28 19:30:36,68.0531,39.5131,48.81,84,100,11.41
363,Morros,BR,2021-09-28 19:30:37,-9.4467,-46.3003,90.27,27,98,2.46
364,Sao Gabriel Da Cachoeira,BR,2021-09-28 19:30:37,-0.1303,-67.0892,84.0,74,40,4.61
365,Kaitangata,NZ,2021-09-28 19:30:38,-46.2817,169.8464,44.28,78,12,7.38
366,Belyy Yar,RU,2021-09-28 19:30:39,53.6039,91.3903,26.49,86,0,4.47
367,Ronneby,SE,2021-09-28 19:30:40,56.21,15.276,55.9,100,90,4.61
368,Shubarshi,KZ,2021-09-28 19:30:40,48.5872,57.1869,43.25,63,100,11.14
369,Klaksvik,FO,2021-09-28 19:30:41,62.2266,-6.589,49.12,80,95,13.0
370,Sete,FR,2021-09-28 19:30:41,43.4018,3.6966,67.89,67,100,5.57
371,Denpasar,ID,2021-09-28 19:29:16,-8.65,115.2167,76.71,94,40,2.3
372,Humboldt,US,2021-09-28 19:30:42,40.6665,-123.9178,56.12,44,1,9.6
373,Kavieng,PG,2021-09-28 19:30:42,-2.5744,150.7967,81.55,78,93,9.55
374,Namatanai,PG,2021-09-28 19:30:43,-3.6667,152.4333,79.25,80,92,5.41
375,Yuancheng,CN,2021-09-28 19:30:43,36.652,107.7896,58.3,86,0,3.8
376,Albuquerque,US,2021-09-28 19:29:35,35.0845,-106.6511,75.52,56,75,3.0
377,Gubkinskiy,RU,2021-09-28 19:30:44,64.434,76.5026,33.31,73,93,7.7
378,San Quintin,MX,2021-09-28 19:26:51,30.4833,-115.95,71.26,68,17,16.08
379,Newport,GB,2021-09-28 19:30:17,51.5877,-2.9984,55.63,94,84,9.24
380,Vrangel,RU,2021-09-28 19:30:45,42.7297,133.0839,63.73,93,100,9.08
381,Soron,IN,2021-09-28 19:30:46,27.8833,78.75,80.65,78,88,6.49
382,Barra Patuca,HN,2021-09-28 19:30:46,15.8,-84.2833,85.93,66,19,7.54
383,Kibala,TD,2021-09-28 19:30:47,9.1104,18.3463,82.35,83,20,0.0
384,Pankovka,RU,2021-09-28 19:30:47,58.5,31.1999,46.94,80,100,3.96
385,La Rioja,ES,2021-09-28 19:30:47,42.25,-2.5,63.05,91,93,4.94
386,Shirokiy,RU,2021-09-28 19:30:48,49.758,129.523,51.57,94,100,8.88
387,Ossining,US,2021-09-28 19:30:49,41.1629,-73.8615,72.55,85,75,8.05
388,Half Moon Bay,US,2021-09-28 19:30:49,37.4636,-122.4286,75.54,48,1,1.99
389,Dryden,CA,2021-09-28 19:28:18,49.7833,-92.7503,70.09,52,1,6.91
390,Thinadhoo,MV,2021-09-28 19:29:32,0.5333,72.9333,83.07,73,100,9.84
391,Aasiaat,GL,2021-09-28 19:30:50,68.7098,-52.8699,25.16,71,2,13.31
392,Gilbues,BR,2021-09-28 19:30:51,-9.8317,-45.3439,92.35,25,92,5.37
393,Ninghai,CN,2021-09-28 19:30:51,29.2892,121.4247,74.88,85,0,2.84
394,Buala,SB,2021-09-28 19:28:11,-8.145,159.5921,79.92,83,81,8.16
395,Kulhudhuffushi,MV,2021-09-28 19:30:52,6.6221,73.07,81.99,80,47,16.31
396,Narsaq,GL,2021-09-28 19:30:53,60.9167,-46.05,41.22,43,0,4.88
397,Beaverlodge,CA,2021-09-28 19:30:53,55.2166,-119.4361,54.75,35,100,19.37
398,High Level,CA,2021-09-28 19:29:23,58.5169,-117.136,48.31,93,90,9.22
399,Tortosa,ES,2021-09-28 19:30:54,40.8125,0.5216,73.56,84,80,1.9
400,Liloy,PH,2021-09-28 19:30:54,8.1144,122.6594,77.79,85,94,3.11
401,Popondetta,PG,2021-09-28 19:30:55,-8.7537,148.2534,70.84,95,99,3.06
402,Zhigansk,RU,2021-09-28 19:30:55,66.7697,123.3711,30.76,83,20,19.39
403,Alice Springs,AU,2021-09-28 19:27:10,-23.7,133.8833,58.55,29,2,8.05
404,Skibbereen,IE,2021-09-28 19:30:56,51.55,-9.2667,48.0,70,3,15.52
405,Husavik,IS,2021-09-28 19:27:59,66.0449,-17.3389,37.31,83,81,11.23
406,Goma,CD,2021-09-28 19:30:56,-1.6792,29.2228,64.78,84,89,3.04
407,Edd,ER,2021-09-28 19:30:57,13.9297,41.6925,87.49,71,3,6.15
408,Henties Bay,NA,2021-09-28 19:30:57,-22.116,14.2845,56.86,89,7,8.05
409,Bridlington,GB,2021-09-28 19:26:04,54.0831,-0.1919,54.9,89,100,24.72
410,Ambilobe,MG,2021-09-28 19:30:58,-13.2,49.05,73.71,68,7,9.82
411,Kruisfontein,ZA,2021-09-28 19:29:37,-34.0033,24.7314,53.89,84,100,5.44
412,Yerbogachen,RU,2021-09-28 19:30:59,61.2767,108.0108,33.35,78,90,6.11
413,Santa Isabel,BR,2021-09-28 19:30:59,-23.3156,-46.2214,89.31,34,8,10.74
414,Makungu,TZ,2021-09-28 19:31:00,-8.7333,35.2833,64.17,65,11,4.21
415,Broken Hill,AU,2021-09-28 19:26:36,-31.95,141.4333,56.91,72,7,24.16
416,Touros,BR,2021-09-28 19:28:36,-5.1989,-35.4608,83.3,71,8,19.28
417,Rio Casca,BR,2021-09-28 19:31:01,-20.2261,-42.6508,84.97,40,31,5.53
418,Awjilah,LY,2021-09-28 19:31:02,29.1081,21.2869,78.28,37,0,8.77
419,Marfino,RU,2021-09-28 19:31:02,55.7028,37.3822,43.09,87,0,2.24
420,Natal,BR,2021-09-28 19:31:03,-5.795,-35.2094,84.42,61,75,24.16
421,Jiuquan,CN,2021-09-28 19:31:03,39.7432,98.5174,62.47,21,0,4.23
422,Moranbah,AU,2021-09-28 19:29:49,-22.0016,148.0466,63.81,86,36,18.92
423,Rawson,AR,2021-09-28 19:28:09,-43.3002,-65.1023,66.49,21,48,8.39
424,Bolotnoye,RU,2021-09-28 19:31:04,55.6717,84.3981,33.57,82,95,6.98
425,Zyryanka,RU,2021-09-28 19:31:05,65.75,150.85,24.42,74,94,15.99
426,Nyurba,RU,2021-09-28 19:26:34,63.2842,118.3319,27.84,89,10,6.64
427,Yumen,CN,2021-09-28 19:31:06,40.2833,97.2,57.76,25,0,7.43
428,Nantucket,US,2021-09-28 19:30:18,41.2835,-70.0995,73.45,83,100,19.73
429,Hennebont,FR,2021-09-28 19:31:06,47.8051,-3.2734,61.92,89,90,16.11
430,Paris,FR,2021-09-28 19:28:33,48.8534,2.3488,61.11,65,0,1.01
431,North Bend,US,2021-09-28 19:31:07,43.4065,-124.2243,61.86,90,90,11.5
432,Slobodskoy,RU,2021-09-28 19:31:07,58.7322,50.1772,35.91,80,100,3.98
433,Shenkursk,RU,2021-09-28 19:29:25,62.1091,42.896,41.81,91,100,3.74
434,Alugan,PH,2021-09-28 19:31:08,12.2188,125.4808,77.83,89,100,4.47
435,Saint Anthony,US,2021-09-28 19:30:20,45.0205,-93.218,82.26,49,1,4.0
436,Vestmannaeyjar,IS,2021-09-28 19:26:22,63.4427,-20.2734,38.52,72,100,34.96
437,Inirida,CO,2021-09-28 19:31:09,3.8653,-67.9239,84.92,71,100,2.15
438,Keelung,TW,2021-09-28 19:31:09,25.1283,121.7419,77.5,85,2,3.58
439,Tisul,RU,2021-09-28 19:31:10,55.7611,88.3122,31.53,83,3,5.35
440,Emerald,AU,2021-09-28 19:31:10,-23.5333,148.1667,68.14,77,90,14.97
441,Banda Aceh,ID,2021-09-28 19:31:11,5.5577,95.3222,77.45,87,100,11.95
442,La Mesa,US,2021-09-28 19:30:13,32.7678,-117.0231,75.38,69,90,1.99
443,Luderitz,NA,2021-09-28 19:31:11,-26.6481,15.1594,56.19,77,35,20.51
444,Bochnia,PL,2021-09-28 19:30:17,49.9691,20.4303,55.65,86,30,4.83
445,Okhotsk,RU,2021-09-28 19:31:12,59.3833,143.3,42.31,87,100,5.7
446,Port Hardy,CA,2021-09-28 19:27:17,50.6996,-127.4199,57.38,58,40,6.91
447,Ust-Omchug,RU,2021-09-28 19:29:30,61.15,149.6333,22.98,87,100,6.53
448,Umm Kaddadah,SD,2021-09-28 19:29:05,13.6017,26.6876,92.71,18,6,14.47
449,Barras,BR,2021-09-28 19:31:13,-4.2444,-42.2944,95.49,27,57,7.96
450,Hami,CN,2021-09-28 19:31:13,42.8,93.45,63.34,24,5,2.77
451,Kuna,US,2021-09-28 19:31:14,43.4918,-116.4201,58.48,56,1,1.99
452,Faya,SA,2021-09-28 19:31:14,18.3851,42.4509,69.91,53,72,3.71
453,San Cristobal,VE,2021-09-28 19:29:48,7.7669,-72.225,84.38,45,100,7.43
454,Los Llanos De Aridane,ES,2021-09-28 19:31:15,28.6585,-17.9182,72.12,88,20,16.11
455,Barra Do Garcas,BR,2021-09-28 19:31:15,-15.89,-52.2567,99.18,26,0,5.75
456,Kysyl-Syr,RU,2021-09-28 19:31:15,63.8986,122.7617,28.54,93,6,7.07
457,Hofn,IS,2021-09-28 19:31:16,64.2539,-15.2082,39.76,54,99,10.74
458,Avesta,SE,2021-09-28 19:31:16,60.1455,16.1679,54.32,90,100,7.4
459,Itamaraju,BR,2021-09-28 19:31:17,-17.0392,-39.5311,76.35,66,98,8.14
460,Krasnoselkup,RU,2021-09-28 19:31:17,65.7,82.4667,31.1,74,90,6.11
461,Lagoa,PT,2021-09-28 19:26:21,39.05,-27.9833,70.02,87,11,13.04
462,Siocon,PH,2021-09-28 19:31:18,7.7061,122.1353,78.58,87,94,1.9
463,Hadejia,NG,2021-09-28 19:31:18,12.4498,10.0444,86.36,35,14,4.81
464,Fez,MA,2021-09-28 19:28:45,34.0372,-4.9998,73.65,56,0,5.75
465,Bowen,AU,2021-09-28 19:31:19,-20.0167,148.2333,62.82,78,45,17.52
466,Talcahuano,CL,2021-09-28 19:31:19,-36.7167,-73.1167,60.48,63,0,11.5
467,Garowe,SO,2021-09-28 19:31:19,8.4054,48.4845,81.5,57,7,15.48
468,Champerico,GT,2021-09-28 19:31:20,14.3,-91.9167,93.94,69,10,12.19
469,Tanete,ID,2021-09-28 19:31:20,-3.9443,119.7848,73.63,96,52,4.76
470,Whyalla,AU,2021-09-28 19:31:21,-33.0333,137.5833,49.89,93,1,3.44
471,Ixtapa,MX,2021-09-28 19:31:21,20.7,-105.2,87.22,75,35,5.01
472,Belomorsk,RU,2021-09-28 19:31:21,64.5232,34.7668,47.75,87,48,5.3
473,Sao Francisco De Paula,BR,2021-09-28 19:31:22,-29.4481,-50.5836,66.47,98,100,6.46
474,Antofagasta,CL,2021-09-28 19:31:22,-23.65,-70.4,63.0,69,22,6.31
475,Waingapu,ID,2021-09-28 19:31:23,-9.6567,120.2641,75.02,83,65,5.41
476,Kapuskasing,CA,2021-09-28 19:29:02,49.4169,-82.4331,62.69,39,20,12.66
477,Vaitape,PF,2021-09-28 19:31:24,-16.5167,-151.75,79.34,74,61,18.92
478,Kismayo,SO,2021-09-28 19:31:24,-0.3582,42.5454,77.09,89,38,12.71
479,Tevriz,RU,2021-09-28 19:31:24,57.509,72.4042,37.51,84,100,4.97
480,Birin,NP,2021-09-28 19:31:25,26.8865,88.0718,62.29,92,99,2.46
481,Kyaikkami,MM,2021-09-28 19:31:25,16.08,97.5675,79.66,84,100,3.24
482,Namibe,AO,2021-09-28 19:31:26,-15.1961,12.1522,64.27,85,93,4.61
483,Makarov,RU,2021-09-28 19:31:26,48.6333,142.8,59.22,96,100,7.07
484,Velsk,RU,2021-09-28 19:31:26,61.0701,42.0983,40.64,91,100,3.09
485,Talnakh,RU,2021-09-28 19:27:58,69.4865,88.3972,32.45,76,100,2.28
486,Ipoh,MY,2021-09-28 19:31:27,4.5841,101.0829,78.39,94,40,5.01
487,Korla,CN,2021-09-28 19:31:27,41.7597,86.1469,67.87,23,0,5.39
488,Minna,NG,2021-09-28 19:31:28,9.6139,6.5569,82.11,78,0,2.3
489,Dongsheng,CN,2021-09-28 19:31:28,39.8161,109.9776,55.8,30,0,4.05
490,Ughelli,NG,2021-09-28 19:31:28,5.4899,6.0074,75.72,90,17,3.78
491,Santa Cruz De Tenerife,ES,2021-09-28 19:31:29,28.4682,-16.2546,76.62,79,20,1.99
492,Kattivakkam,IN,2021-09-28 19:31:29,13.2167,80.3167,82.49,70,52,7.56
493,Moerai,PF,2021-09-28 19:31:30,-22.4333,-151.3333,74.17,84,9,10.47
494,Ouesso,CG,2021-09-28 19:31:30,1.6136,16.0517,74.57,84,88,0.2
495,Nezhinka,RU,2021-09-28 19:31:30,51.7676,55.3694,44.76,53,75,11.18
496,Zhezkazgan,KZ,2021-09-28 19:30:21,47.8043,67.7144,52.72,59,83,8.93
497,Vung Tau,VN,2021-09-28 19:31:31,10.346,107.0843,80.53,84,96,6.51
498,Palora,EC,2021-09-28 19:31:31,-1.7,-77.9333,86.11,48,72,2.62
499,Bilma,NE,2021-09-28 19:31:32,18.6853,12.9164,89.17,27,10,9.48
500,Wajir,KE,2021-09-28 19:31:32,1.7471,40.0573,81.73,52,100,17.36
501,Dhuri,IN,2021-09-28 19:31:33,30.3667,75.8667,83.12,70,0,4.23
502,Akdepe,TM,2021-09-28 19:31:33,42.0551,59.3788,64.49,43,14,6.85
503,Koslan,RU,2021-09-28 19:31:33,63.4564,48.8989,43.2,97,95,3.44
504,Malpe,IN,2021-09-28 19:31:34,13.35,74.7167,78.1,90,85,7.38
505,Agadez,NE,2021-09-28 19:31:34,19.75,10.25,87.04,16,14,10.74
506,Jumla,NP,2021-09-28 19:31:35,29.2747,82.1838,56.88,89,63,2.64
507,Cody,US,2021-09-28 19:31:35,44.5263,-109.0565,82.63,19,1,12.66
508,Ulaanbaatar,MN,2021-09-28 19:30:12,47.9077,106.8832,24.93,86,0,2.24
509,Lebanon,US,2021-09-28 19:29:45,36.2081,-86.2911,86.49,56,1,4.61
510,Jardim,BR,2021-09-28 19:31:36,-21.4803,-56.1381,103.26,14,19,1.77
511,Hirado,JP,2021-09-28 19:31:37,33.3597,129.5531,76.35,83,0,6.69
512,Ulladulla,AU,2021-09-28 19:31:37,-35.35,150.4667,55.87,77,100,3.96
513,Palmas,BR,2021-09-28 19:31:38,-10.2128,-48.3603,94.87,41,40,8.05
514,Colares,PT,2021-09-28 19:31:38,38.7992,-9.4469,65.17,59,20,14.0
515,Srednekolymsk,RU,2021-09-28 19:31:38,67.45,153.6833,21.79,93,100,4.56
516,Poum,NC,2021-09-28 19:31:20,-20.2333,164.0167,71.58,77,34,11.32
517,Kita,ML,2021-09-28 19:31:39,13.0349,-9.4895,82.13,58,3,3.13
518,Tierralta,CO,2021-09-28 19:31:39,8.1736,-76.0592,78.4,88,100,4.92
519,Camacha,PT,2021-09-28 19:26:47,33.0833,-16.3333,72.36,73,40,11.5
520,Havoysund,NO,2021-09-28 19:31:40,70.9963,24.6622,52.68,82,44,13.15
521,Pasighat,IN,2021-09-28 19:31:41,28.0667,95.3333,75.51,79,28,2.57
522,Paita,PE,2021-09-28 19:31:41,-5.0892,-81.1144,77.56,72,26,14.14
523,Palu,ID,2021-09-28 19:31:42,-0.8917,119.8707,75.09,96,57,3.11
524,Aljezur,PT,2021-09-28 19:31:42,37.3191,-8.8033,64.54,71,0,16.67
525,Kemijarvi,FI,2021-09-28 19:31:42,66.7131,27.4306,41.29,92,61,4.59
526,Otradnoye,RU,2021-09-28 19:31:43,59.7775,30.8181,50.04,73,100,3.44
527,Ngunguru,NZ,2021-09-28 19:31:43,-35.6167,174.5,45.16,66,6,7.72
528,Palmer,US,2021-09-28 19:31:28,42.1584,-72.3287,67.42,81,90,0.0
529,Robertson,US,2021-09-28 19:31:44,36.5167,-86.8667,86.79,56,20,9.22
530,Sosua,DO,2021-09-28 19:31:44,19.7667,-70.5167,91.38,74,40,18.41
531,Guerrero Negro,MX,2021-09-28 19:29:13,27.9769,-114.0611,74.05,61,49,15.68
532,Nangong,CN,2021-09-28 19:31:45,37.3581,115.3744,59.25,87,0,7.49
533,Sudbury,CA,2021-09-28 19:28:50,46.49,-80.99,66.42,54,12,7.78
534,Ahipara,NZ,2021-09-28 19:31:45,-35.1667,173.1667,54.86,67,30,6.76
535,Khandyga,RU,2021-09-28 19:31:46,62.6667,135.6,30.9,63,0,6.42
536,Ostroh,UA,2021-09-28 19:31:46,50.3294,26.5143,49.87,77,100,8.08
537,Makakilo City,US,2021-09-28 19:28:21,21.3469,-158.0858,82.72,60,1,10.36
538,Mehamn,NO,2021-09-28 19:31:47,71.0357,27.8492,55.35,54,0,17.27
539,Alexandria,EG,2021-09-28 19:30:22,31.2156,29.9553,76.96,65,0,9.22
540,Riyadh,SA,2021-09-28 19:30:52,24.6877,46.7219,82.54,31,5,5.99
541,Barceloneta,PR,2021-09-28 19:31:47,18.4505,-66.5385,88.81,77,41,6.49
542,Okato,NZ,2021-09-28 19:31:48,-39.2,173.8833,51.42,82,49,14.12
543,Pangody,RU,2021-09-28 19:31:48,65.85,74.4859,31.48,79,10,4.63
544,Teknaf,BD,2021-09-28 19:31:49,20.8624,92.3058,76.98,90,100,5.3
545,Huangmei,CN,2021-09-28 19:31:49,30.1924,116.025,74.77,95,100,2.55
546,Tornio,FI,2021-09-28 19:31:49,65.8481,24.1466,35.62,85,8,7.05
547,Terranuova Bracciolini,IT,2021-09-28 19:31:50,43.5522,11.5884,73.72,66,100,4.05
548,Luzino,RU,2021-09-28 19:31:50,54.9481,73.0353,40.77,65,40,13.42
549,Gbadolite,CD,2021-09-28 19:31:51,4.2833,21.0167,68.59,98,100,2.55
550,Acarau,BR,2021-09-28 19:31:51,-2.8856,-40.12,81.84,72,8,19.3
551,Nisia Floresta,BR,2021-09-28 19:27:16,-6.0911,-35.2086,84.58,65,15,16.24
552,Brownsville,US,2021-09-28 19:28:38,25.9018,-97.4975,95.11,61,75,8.01
553,Belmonte,BR,2021-09-28 19:31:53,-15.8631,-38.8828,77.5,72,13,7.18
554,Dyurtyuli,RU,2021-09-28 19:31:53,55.4911,54.8688,37.56,69,100,7.72
555,Bereda,ES,2021-09-28 19:31:54,43.2686,-7.5406,57.92,92,60,1.83
556,Dalby,AU,2021-09-28 19:31:55,-27.1833,151.2667,57.9,93,100,3.13
557,Port-Gentil,GA,2021-09-28 19:30:40,-0.7193,8.7815,78.76,83,40,13.8
558,Mitu,CO,2021-09-28 19:31:55,1.1983,-70.1733,84.42,63,92,1.34
559,Vestmanna,FO,2021-09-28 19:31:56,62.1564,-7.1664,47.32,100,75,11.5
560,Tignere,CM,2021-09-28 19:31:56,7.3667,12.65,66.0,95,100,1.19
561,Picsi,PE,2021-09-28 19:31:57,-6.7178,-79.7697,71.44,60,0,14.97
562,Manaus,BR,2021-09-28 19:27:09,-3.1019,-60.025,90.1,66,40,5.75
